customer_id,customer_name,city,age,annual_income,gender
1001,Amit,Pune,25.0,54000.0,Male
1002,Priya,Mumbai,28.0,72000.0,Female
1003,Rahul,Nagpur,27.0,61000.0,Male
1004,Sneha,Nashik,24.0,68500.0,Female
1005,Vikram,Pune,31.0,88000.0,Male
1006,Pooja,Pune,27.0,67000.0,Female
1007,Kunal,Mumbai,29.0,68500.0,Male
1008,Akash,Nagpur,26.0,59000.0,Male
1009,Neha,Pune,27.0,63000.0,Female
1010,Rohit,Nashik,33.0,91000.0,Male
1011,Anjali,Pune,27.0,68500.0,Female
1012,Sahil,Mumbai,27.0,76000.0,Male
1013,Akash,Pune,30.0,82000.0,Male
1014,Kavya,Nagpur,23.0,68500.0,Male
1015,Manish,Pune,27.0,58000.0,Male
1016,Riya,Mumbai,27.0,69000.0,Female
1017,Arjun,Pune,22.0,51000.0,Male
1018,Tanya,Pune,27.0,68500.0,Female
1019,Dev,Nagpur,35.0,97000.0,Male
1020,Akash,Nashik,27.0,62000.0,Male
1021,Meera,Pune,27.0,74000.0,Female
1022,Akash,Mumbai,27.0,68500.0,Male
1023,Nisha,Pune,29.0,81000.0,Male
1024,Akash,Pune,27.0,55000.0,Female
1025,Varun,Nagpur,32.0,68500.0,Male
1026,Ishita,Mumbai,26.0,73000.0,Female
1027,Nikhil,Pune,27.0,68000.0,Male
1028,Ayesha,Pune,24.0,68500.0,Female
1029,Sameer,Nagpur,27.0,79000.0,Male
1030,Maya,Nashik,21.0,47000.0,Male
