customer_id,name,city,age,annual_income,gender
1,Aarav,Pune,21.0,72000.0,Male
2,Diya,Mumbai,24.0,85000.0,Female
3,Rohan,Nagpur,24.0,61000.0,Male
4,Anaya,Nashik,22.0,73000.0,Female
5,Kabir,Pune,27.0,93000.0,Male
6,Meera,Mumbai,24.0,78000.0,Female
7,Arjun,Mumbai,25.0,67000.0,Male
8,Isha,Nagpur,23.0,71000.0,Male
9,Vivaan,Pune,24.0,73000.0,Male
10,Sara,Mumbai,26.0,88000.0,Female
11,Riya,Nashik,24.0,69000.0,Female
12,Aditya,Mumbai,24.0,76000.0,Male
13,Aarav,Pune,21.0,72000.0,Male
14,Diya,Mumbai,24.0,85000.0,Female
15,Rohan,Nagpur,24.0,61000.0,Male
16,Kabir,Pune,27.0,93000.0,Male
17,Meera,Mumbai,24.0,78000.0,Female
18,Isha,Nagpur,23.0,71000.0,Male
19,Neha,Mumbai,24.0,65000.0,Female
20,Aarav,Pune,28.0,73000.0,Male
21,Karan,Mumbai,24.0,82000.0,Male
22,Aarav,Mumbai,31.0,99000.0,Male
23,Sneha,Nashik,23.0,73000.0,Female
24,Rahul,Mumbai,24.0,58000.0,Male
25,Tara,Nagpur,22.0,73000.0,Male
26,Aarav,Pune,21.0,72000.0,Male
27,Diya,Mumbai,24.0,85000.0,Female
28,Neha,Mumbai,24.0,65000.0,Female
29,Karan,Mumbai,24.0,82000.0,Male
30,Aarav,Pune,24.0,73000.0,Male
